name,category,rating,review_count,address,phone,website,google_maps_url,search_query
Blue Ribbon Bakery Defence Phase 2,Bakery,4.2,4,"
R3MC+2F6, 45-C 21st Commercial St, Phase 2 Commercial Area Defence Housing Authority, Karachi, 75500, Pakistan","
+92 21 35899210",,https://www.google.com/maps/place/Blue+Ribbon+Bakery+Defence+Phase+2/data=!4m7!3m6!1s0x3eb33c402191edad:0x6d0bf97849f406b6!8m2!3d24.8322906!4d67.0701412!16s%2Fg%2F11cn8sc9h8!19sChIJre2RIUA8sz4Rtgb0SXj5C20?authuser=0&hl=en&rclk=1,bakeries in DHA Karachi
Paul Bakery & Cafe,Cafe,4.2,4,"
17-C, Commercial Lane, 6 Khayaban-e-Shahbaz, Phase Shahbaz Commercial Area Phase 6 Defence Housing Authority, Karachi, 75500, Pakistan","
+92 308 0553311",http://order.paulpakistan.com/,https://www.google.com/maps/place/Paul+Bakery+%26+Cafe/data=!4m7!3m6!1s0x3eb33dc1c65eb905:0x470fedcaeb314409!8m2!3d24.7960144!4d67.0503253!16s%2Fg%2F11kwbrj94t!19sChIJBblexsE9sz4RCUQx68rtD0c?authuser=0&hl=en&rclk=1,bakeries in DHA Karachi
Crispo Bakery,Bakery,4.3,4,"
R3J9+GG3, Phase 2 Commercial Area Defence Housing Authority, Karachi, 75500, Pakistan","
+92 332 2036837",https://bakery.crispo.pk/,https://www.google.com/maps/place/Crispo+Bakery/data=!4m7!3m6!1s0x3eb33c4049d37d09:0xa1c45f43055f6451!8m2!3d24.8312744!4d67.0687917!16s%2Fg%2F11ckvv_xfb!19sChIJCX3TSUA8sz4RUWRfBUNfxKE?authuser=0&hl=en&rclk=1,bakeries in DHA Karachi
Delizia Bakery Khayaban-e-Jami,Bakery,4.4,4,"
86C Khayaban-e-Jami, D.H.A. Phase 7 Phase 2 Commercial Area Defence Housing Authority, Karachi, 75500, Pakistan","
+92 21 111 359 111",http://www.delizia.pk/,https://www.google.com/maps/place/Delizia+Bakery+Khayaban-e-Jami/data=!4m7!3m6!1s0x3eb33c41db0215f3:0x1c0d93e075bae6f9!8m2!3d24.8300368!4d67.0696764!16s%2Fg%2F11d_8lx64f!19sChIJ8xUC20E8sz4R-ea6deCTDRw?authuser=0&hl=en&rclk=1,bakeries in DHA Karachi
YUM by Amna Bakery,Bakery,4.0,4,"
Shop 1. Building, Q3W2+553, 23C Khayaban-e-Seher, D.H.A Phase 6 Shahbaz Commercial Area Phase 6 Defence Housing Authority, Karachi, 75500, Pakistan","
+92 21 35244393",http://yumbyamna.com/,https://www.google.com/maps/place/YUM+by+Amna+Bakery/data=!4m7!3m6!1s0x3eb33d04b3f7438b:0x569c11e2de72b148!8m2!3d24.7955303!4d67.0505702!16s%2Fg%2F11qm0bc4b5!19sChIJi0P3swQ9sz4RSLFy3uIRnFY?authuser=0&hl=en&rclk=1,bakeries in DHA Karachi
Ma’s Bakehouse,Bakery,4.7,4,"
109/2 Khayaban-e-Bahria, DHA Phase 5 Defence V Defence Housing Authority, Karachi, 75500, Pakistan",,,https://www.google.com/maps/place/Ma%E2%80%99s+Bakehouse/data=!4m7!3m6!1s0x3eb33d8283c39543:0xfd0ab2048507ed21!8m2!3d24.8027181!4d67.0510578!16s%2Fg%2F11ll24rjfw!19sChIJQ5XDg4I9sz4RIe0HhQSyCv0?authuser=0&hl=en&rclk=1,bakeries in DHA Karachi
Morning Fresh Bakers - Badar,Bakery,4.8,4,"
shop 1, plot 13C Khayaban-e-Badar, DHA Phase 5 Badar Commercial Area Defence V Defence Housing Authority, Karachi, 75500, Pakistan","
+92 309 2001401",http://morningfreshbakers.com/,https://www.google.com/maps/place/Morning+Fresh+Bakers+-+Badar/data=!4m7!3m6!1s0x3eb33dfa5bf3cad3:0x8770d43ac1916feb!8m2!3d24.7983545!4d67.0475109!16s%2Fg%2F11yrzmdwhl!19sChIJ08rzW_o9sz4R62-RwTrUcIc?authuser=0&hl=en&rclk=1,bakeries in DHA Karachi
Delizia Phase 8,Bakery,4.4,4,"
Suite No.103, First Floor, Plot No. 54C, Lane 2, DHA Karachi Phase VIII Zone A Zulfiqar & Al Murtaza Commercial Area Phase 8 Defence Housing Authority, Karachi, 75500, Pakistan","
+92 310 2066061",,https://www.google.com/maps/place/Delizia+Phase+8/data=!4m7!3m6!1s0x3eb33d05ce58c73d:0x72a5bb3bfe8ed363!8m2!3d24.7896849!4d67.0750213!16s%2Fg%2F11sqxvgfkp!19sChIJPcdYzgU9sz4RY9OO_ju7pXI?authuser=0&hl=en&rclk=1,bakeries in DHA Karachi
Pie in the sky | Badar commercial,Bakery,4.3,4,"
shop 3 plot, 17C Khayaban-e-Badar, DHA Phase 5 Badar Commercial Area Defence V Defence Housing Authority, Karachi, 75500, Pakistan","
+92 21 35244170",http://pieinthesky.com.pk/,https://www.google.com/maps/place/Pie+in+the+sky+%7C+Badar+commercial/data=!4m7!3m6!1s0x3eb33cfd6782fdab:0xe523a13ce49f9366!8m2!3d24.7983151!4d67.0474755!16s%2Fg%2F1tscmgqx!19sChIJq_2CZ_08sz4RZpOf5DyhI-U?authuser=0&hl=en&rclk=1,bakeries in DHA Karachi
Auntie Munaver's Dessert & Savory,Dessert shop,4.7,4,"
Shop # 1, Plot # 19-C Street 2, SMALL BUKHARI Bukhari Commercial Area Phase 6 Defence Housing Authority, Karachi, 75500, Pakistan","
+92 304 1110106",http://www.auntiemunavers.com/,https://www.google.com/maps/place/Auntie+Munaver%27s+Dessert+%26+Savory/data=!4m7!3m6!1s0x3eb33da798cc834b:0xcf06d175d4c50844!8m2!3d24.7871429!4d67.0585078!16s%2Fg%2F11g9jf6zld!19sChIJS4PMmKc9sz4RRAjF1HXRBs8?authuser=0&hl=en&rclk=1,bakeries in DHA Karachi
Dear Croissant,Bakery,4.1,4,"
Plot No, 1 St 3, DHA Phase 5 Saba Commercial Area Defence V Defence, Karachi, 75685, Pakistan","
+92 301 0801494",https://www.dearcroissant.com/,https://www.google.com/maps/place/Dear+Croissant/data=!4m7!3m6!1s0x3eb33d6db9334cdf:0xcf54dcb7df338a9f!8m2!3d24.8013349!4d67.0383549!16s%2Fg%2F11t_lr1g6b!19sChIJ30wzuW09sz4Rn4oz37fcVM8?authuser=0&hl=en&rclk=1,bakeries in DHA Karachi
Sacha's Cakes Clifton,Cake shop,3.9,3,"
32 Khayaban-e-Jami, Block 5 Clifton, Karachi, 75500, Pakistan","
+92 21 35869944",http://www.sachascakes.com/,https://www.google.com/maps/place/Sacha%27s+Cakes+Clifton/data=!4m7!3m6!1s0x3eb33debac1c3351:0x6c0c5e943258a1b4!8m2!3d24.8272253!4d67.033159!16s%2Fg%2F11c7hb40rw!19sChIJUTMcrOs9sz4RtKFYMpReDGw?authuser=0&hl=en&rclk=1,bakeries in DHA Karachi
Lals Patisserie - Khy-e-Shahbaz,Chocolate shop,4.2,4,"
5-C, Khayaban-e-Shahbaz, Main Shahbaz Commercial Area Shahbaz Commercial Area Phase 6 Defence Housing Authority, Karachi, 75500, Pakistan","
+92 304 1115257",https://www.lalschocolates.com/,https://www.google.com/maps/place/Lals+Patisserie+-+Khy-e-Shahbaz/data=!4m7!3m6!1s0x3eb33cf7b3a8bc0b:0xaa02725b51237581!8m2!3d24.8081583!4d67.0615859!16s%2Fg%2F1s04w6qgd!19sChIJC7yos_c8sz4RgXUjUVtyAqo?authuser=0&hl=en&rclk=1,bakeries in DHA Karachi
Kababjees Bakers & Mart - Defence View,Bakery,4.2,4,"
KPT, Mehmoodabad, Karachi, 75500, Pakistan","
+92 316 2363224",,https://www.google.com/maps/place/Kababjees+Bakers+%26+Mart+-+Defence+View/data=!4m7!3m6!1s0x3eb33ddb7acf8a6f:0x970c398ed7b257b0!8m2!3d24.8314873!4d67.0791633!16s%2Fg%2F11r9w91np1!19sChIJb4rPets9sz4RsFey1445DJc?authuser=0&hl=en&rclk=1,bakeries in DHA Karachi
Slice of Life Badar,Bakery,4.1,4,"
Shop no 2, Plot 3-C Khayaban-e-Badar, DHA Phase 5 Badar Commercial Area Defence V Defence Housing Authority, Karachi, 75600, Pakistan","
+92 304 8242222",,https://www.google.com/maps/place/Slice+of+Life+Badar/data=!4m7!3m6!1s0x3eb33d8f69d1d3bd:0x51bf61e5b482c4e1!8m2!3d24.7987134!4d67.0478478!16s%2Fg%2F11jg4gz1nc!19sChIJvdPRaY89sz4R4cSCtOVhv1E?authuser=0&hl=en&rclk=1,bakeries in DHA Karachi
Pie in the Sky Bakery,Bakery,4.3,4,"
Suite No. 2, 127/E, Comm 9th Commercial St, Phase IV Phase 4 Defence Housing Authority, Karachi, 75500, Pakistan","
+92 21 35886215",,https://www.google.com/maps/place/Pie+in+the+Sky+Bakery/data=!4m7!3m6!1s0x3eb33d3941794991:0x8a4a679f559f735f!8m2!3d24.8197362!4d67.0662777!16s%2Fg%2F11k4v1cbz6!19sChIJkUl5QTk9sz4RX3OfVZ9nSoo?authuser=0&hl=en&rclk=1,bakeries in DHA Karachi
Sindh Sweets and Bakers,Bakery,4.5,4,"
Plot # C-5, Stadium Lane 2, off Khayaban-e-Shamsheer, DHA Phase 5 Stadium Commercial Area Defence V Defence Housing Authority, Karachi, 75500, Pakistan","
+92 334 3358306",http://order.sindhsweets.com/,https://www.google.com/maps/place/Sindh+Sweets+and+Bakers/data=!4m7!3m6!1s0x3eb33c549e5412c1:0xcb6e43255a400e48!8m2!3d24.8143384!4d67.0494007!16s%2Fg%2F11rvx40zd!19sChIJwRJUnlQ8sz4RSA5AWiVDbss?authuser=0&hl=en&rclk=1,bakeries in DHA Karachi
Jazaa DHA,Bakery,4.4,4,"
Plot no, 11c /. II Lane 7, D.H.A Phase 6 Bukhari Commercial Area Phase 6 Defence Housing Authority, Karachi, 75500, Pakistan",,,https://www.google.com/maps/place/Jazaa+DHA/data=!4m7!3m6!1s0x3eb33dc407b7a72b:0x7a864bd01dc36ce!8m2!3d24.7949166!4d67.0645964!16s%2Fg%2F11z60mzkmf!19sChIJK6e3B8Q9sz4RzjbcAb1kqAc?authuser=0&hl=en&rclk=1,bakeries in DHA Karachi
HOBNOB | Jami Commercial branch,Bakery,4.2,4,"
Building No, 1 Jami Commercial Street 11, D.H.A. Phase 2 Phase 2 Commercial Area Defence Housing Authority, Karachi, 75500, Pakistan","
+92 21 111 462 662",https://www.hobnob.pk/,https://www.google.com/maps/place/HOBNOB+%7C+Jami+Commercial+branch/data=!4m7!3m6!1s0x3eb33c41dbc3e717:0x3857befb6030edb3!8m2!3d24.8300658!4d67.069826!16s%2Fg%2F11cfb131c!19sChIJF-fD20E8sz4Rs-0wYPu-Vzg?authuser=0&hl=en&rclk=1,bakeries in DHA Karachi
Delizia Bakery Shahbaz Commercial Area,Bakery,4.3,4,"
27-E Khayaban-e-Seher, D.H.A Phase 6 Shahbaz Commercial Area Phase 6 Defence Housing Authority, Karachi, 75500, Pakistan","
+92 21 111 359 111",http://www.delizia.pk/,https://www.google.com/maps/place/Delizia+Bakery+Shahbaz+Commercial+Area/data=!4m7!3m6!1s0x3eb33cf6fe62389b:0xada0fcde647d4764!8m2!3d24.8070393!4d67.0615379!16s%2Fg%2F11b76fyrrf!19sChIJmzhi_vY8sz4RZEd9ZN78oK0?authuser=0&hl=en&rclk=1,bakeries in DHA Karachi
